customerID,proba_churn,label_pred
4376-KFVRS,0.11547187587103838,0
2754-SDJRD,0.8530785907286038,1
9917-KWRBE,0.14683068142379843,0
0365-GXEZS,0.6606631082399415,1
9385-NXKDA,0.060435710084071594,0
4686-UXDML,0.8060602910611951,1
2227-JRSJX,0.6984711714139794,1
4830-FAXFM,0.2941354453411066,0
1830-IPXVJ,0.009292843865483541,0
4690-LLKUA,0.6525549003487535,1
5804-HYIEZ,0.5179075348219383,1
2388-LAESQ,0.1496670841712015,0
5533-RJFTJ,0.31269573406827755,0
4706-AXVKM,0.8535730339696003,1
0997-YTLNY,0.3004979780109729,0
7971-HLVXI,0.14795464209089232,0
7337-CINUD,0.07766780278826131,0
1379-FRVEB,0.8204211826438919,1
4753-PADAS,0.37767009678088304,0
5701-GUXDC,0.20715675848687104,0
7235-NXZCP,0.8659911281304973,1
0668-OGMHD,0.5099509308962467,1
2812-REYAT,0.05044398250017506,0
8779-YIQQA,0.09653413081665488,0
9701-CDXHR,0.4008126218239352,0
7130-CTCUS,0.43208250022423667,0
1894-IGFSG,0.7965432571574543,1
0871-URUWO,0.8550821401791683,1
0057-QBUQH,0.04991915822891821,0
9611-CTWIH,0.9030155178856314,1
8058-DMYRU,0.7042835483860428,1
5351-QESIO,0.6647713402229825,1
4302-ZYFEL,0.01877055100326992,0
6134-KWTBV,0.015001071324109057,0
2034-GDRCN,0.9039150509175878,1
9544-PYPSJ,0.501674340736322,1
4208-UFFGW,0.6227548565303467,1
9537-JALFH,0.006690159227803802,0
4415-IJZTP,0.886868003008174,1
4701-MLJPN,0.4063583986505016,0
7515-LODFU,0.009574847788361726,0
4927-WWOOZ,0.9012595269538699,1
4067-HLYQI,0.5998968643742633,1
6184-DYUOB,0.45014829580409,0
9209-NWPGU,0.12002790448883813,0
9851-KIELU,0.751451382331732,1
3199-XGZCY,0.8609595747305344,1
4226-KKDON,0.6237404383524721,1
1085-LDWAM,0.01840402417698523,0
6825-UYPFK,0.6518997492076106,1
1767-CJKBA,0.013501144130162322,0
7181-BQYBV,0.8693026881026528,1
0178-CIIKR,0.36366460704610526,0
4256-ZWTZI,0.4873933353360149,0
9537-VHDTA,0.41974495452365407,0
2754-XBHTB,0.808945083211902,1
5975-BAICR,0.16128174482381372,0
3301-VKTGC,0.1416952559866029,0
2877-VDUER,0.17928627022303278,0
7717-BICXI,0.010212988740846092,0
0562-FGDCR,0.018994459287342703,0
3705-PSNGL,0.08795510912555655,0
0048-LUMLS,0.39888177828878385,0
6497-TILVL,0.37486582955069064,0
2108-YKQTY,0.5001536706429086,1
3658-KIBGF,0.6107491033758746,1
5482-NUPNA,0.41321671079175964,0
7410-KTVFV,0.5221842228601155,1
9033-EOXWV,0.41253269337703913,0
8821-XNHVZ,0.8140345147344874,1
8224-KDLKN,0.00794511396657726,0
4825-FUREZ,0.03743513394642011,0
7534-BFESC,0.8157552255406865,1
9138-EFSMO,0.41967346724668575,0
4227-OJHAL,0.07692005424630934,0
7279-NMVJC,0.12554220708436173,0
8591-TKMZH,0.1457859894220921,0
9283-LZQOH,0.749968719697052,1
3594-IVHJZ,0.45229528847733363,0
1945-XISKS,0.009447497663241976,0
4359-INNWN,0.1258921230989727,0
7649-SIJJF,0.03545596504148772,0
9254-RBFON,0.4542515014657788,0
0970-ETWGE,0.9107319120148214,1
7762-ONLJY,0.1635773141096696,0
6710-HSJRD,0.6413316989521113,1
8873-GLDMH,0.8273811248367743,1
9907-SWKKF,0.7342316943461319,1
4658-HCOHW,0.7398016185981335,1
9330-VOFSZ,0.21830583669423376,0
2860-RANUS,0.8166770574370588,1
6234-PFPXL,0.5642961018975915,1
7205-BAIAD,0.03628129577390946,0
3858-VOBET,0.802797077567881,1
5103-MHMHY,0.5255068536867581,1
6119-SPUDB,0.04552096110416095,0
9389-ACWBI,0.6751854491581735,1
3454-JFUBC,0.01417226139547048,0
1768-ZAIFU,0.8445669585155909,1
7017-VFULY,0.3626307427468966,0
9221-OTIVJ,0.8965773421851057,1
2482-CZGBB,0.8273070638565142,1
7018-WBJNK,0.7536373014221531,1
3331-HQDTW,0.6768991893001511,1
4695-VADHF,0.5453235230743155,1
4086-WITJG,0.006089328185545345,0
6297-NOOPG,0.24901729581011717,0
8777-PVYGU,0.1275753550141324,0
4378-MYPGO,0.11654834604760259,0
9313-CDOGY,0.13508007695568985,0
4121-AGSIN,0.03887215792374065,0
0432-CAJZV,0.8257579454768404,1
9097-ZUBYC,0.3875003477862733,0
9638-JIQYA,0.7571052175010934,1
1024-GUALD,0.8267157973484692,1
8024-XNAFQ,0.10499133021088797,0
7587-RZNME,0.7358825413400523,1
1346-UFHAX,0.7047695070378488,1
6374-NTQLP,0.1033507529333188,0
6625-FLENO,0.013889566587434215,0
7375-WMVMT,0.11638496201441073,0
6910-HADCM,0.8021874129677661,1
7401-JIXNM,0.04268339107229967,0
7338-ERIVA,0.11222142343577704,0
5376-DEQCP,0.8579375191943596,1
0909-SELIE,0.04450777912583579,0
5419-KLXBN,0.6380498822889763,1
0365-TRTPY,0.4180483835521271,0
6712-OAWRH,0.8478758530946932,1
2428-ZMCTB,0.2954990734777685,0
1963-VAUKV,0.3809595075773758,0
9381-NDKME,0.6521489434021032,1
3729-OWRVL,0.25713033471722024,0
0895-LMRSF,0.4204982942337362,0
2676-SSLTO,0.09363111379059404,0
8495-PRWFH,0.40749569030205235,0
9030-QGZNL,0.09692721109973612,0
9972-NKTFD,0.23929370424951896,0
7998-WNZEM,0.024087203132733822,0
0979-PHULV,0.545222836691508,1
6445-TNRXS,0.11972377737395759,0
9586-JGQKH,0.20166629834131863,0
3966-HRMZA,0.7638623795717867,1
5498-IBWPI,0.04805765860389156,0
6823-SIDFQ,0.0887251272386932,0
2323-ARSVR,0.15574929210666902,0
5468-BPMMO,0.12262347969852716,0
0486-HECZI,0.5646563335131847,1
2178-PMGCJ,0.6967503694311963,1
4660-IRIBM,0.6447326275399893,1
9674-EHPPG,0.04256611565895339,0
5606-AMZBO,0.7331775591892098,1
0665-XHDJU,0.3031052814823654,0
5402-HTOTQ,0.5679792118841129,1
8258-GSTJK,0.8940139553912589,1
3787-TRIAL,0.6302609520239402,1
6175-IRFIT,0.7901207901052673,1
6317-YPKDH,0.6552872590365646,1
5692-FPTAH,0.6634191403992605,1
5373-SFODM,0.7511265646035276,1
0868-VJRDR,0.11862033489707843,0
4079-VTGLK,0.3127030360845174,0
1166-PQLGG,0.005818281959870364,0
5296-BFCYD,0.025556855876947653,0
6568-POCUI,0.25430561179124395,0
2839-RFSQE,0.36980684817491655,0
2188-SXWVT,0.10821531975064229,0
8849-GYOKR,0.30012922464408387,0
3623-FQBOX,0.2805206061442859,0
2649-HWLYB,0.031762841136543124,0
0599-XNYDO,0.7015750550108413,1
2514-GINMM,0.8885740751108018,1
8401-EMUWF,0.2812960515500254,0
5766-ZJYBB,0.39383463644715366,0
2604-IJPDU,0.6396135165664819,1
2501-XWWTZ,0.7656765678111735,1
6370-ZVHDV,0.015185166064594417,0
3027-YNWZU,0.013476890989485167,0
4526-ZJJTM,0.6552058760720001,1
0440-QEXBZ,0.3483200686507456,0
0330-IVZHA,0.7959263300999598,1
9758-MFWGD,0.11642142031350787,0
4229-CZMLL,0.8736297104459118,1
0742-MOABM,0.4835911766868606,0
4277-BWBML,0.005791759253245005,0
5136-GFPMB,0.5238514876092851,1
7520-HQWJU,0.10811785967084621,0
6304-IJFSQ,0.6188836429346082,1
0297-RBCSG,0.28107996799207374,0
6013-BHCAW,0.077843181119917,0
4402-FTBXC,0.35869291555441346,0
1471-GIQKQ,0.6302676411327869,1
4283-FUTGF,0.8387956511927285,1
9548-LERKT,0.05590091431976964,0
8059-UDZFY,0.7382823245978677,1
0410-IPFTY,0.6643912827302142,1
2478-EEWWM,0.4871490969963999,0
4619-EVPHY,0.6848684297743979,1
2277-DJJDL,0.7066616274881629,1
2911-WDXMV,0.7077797022315601,1
3639-XJHKQ,0.3981774032724091,0
8173-RXAYP,0.043434593830846795,0
4537-CIBHB,0.14609896395941335,0
5442-BXVND,0.14239833067430302,0
2308-STERM,0.37729770979566063,0
7159-NOKYQ,0.2637691888170942,0
6075-QMNRR,0.16506819887173652,0
3694-GLTJM,0.41163401675682654,0
9629-NHXFW,0.41596608424995657,0
7167-PCEYD,0.013288629160720426,0
2748-MYRVK,0.3227297381409376,0
4223-WOZCM,0.6128410661265332,1
6946-LMSQS,0.6647400883222866,1
5469-NUJUR,0.09081905741546743,0
6388-TABGU,0.03394339411091768,0
1261-FWTTE,0.6731986462925048,1
8590-YFFQO,0.012849615883438453,0
0082-OQIQY,0.7688491200134001,1
9465-RWMXL,0.756354144669211,1
2930-UOTMB,0.21805914172229177,0
9128-CPXKI,0.24968304287458074,0
0484-FFVBJ,0.3473622431840597,0
1100-DDVRV,0.7281277082047392,1
9313-QOLTZ,0.18130745758405706,0
3338-CVVEH,0.8739661252699679,1
1131-SUEKT,0.25947830175979997,0
7602-DBTOU,0.008017827003449782,0
1385-TQOZW,0.36664537882021536,0
6892-XPFPU,0.8748996452211778,1
4115-NZRKS,0.9069090009011344,1
5514-YQENT,0.21217486695982346,0
6319-IEJWJ,0.8271789478953564,1
8849-AYPTR,0.746101300507699,1
5893-PYOLZ,0.07361003709844742,0
7180-PISOG,0.8675413763675984,1
8443-ZRDBZ,0.877535728137208,1
9079-YEXQJ,0.588646211568114,1
3780-YVMFA,0.678300030439821,1
6968-MHOMU,0.2401770247703767,0
0899-LIIBW,0.7930720324729885,1
3677-IYRBF,0.8329672540666184,1
8393-DLHGA,0.7821252280596863,1
7691-XVTZH,0.18401233719633067,0
5360-LJCNJ,0.22600644941552528,0
3891-PUQOD,0.6649744096296655,1
0952-KMEEH,0.7628348035549007,1
4919-IKATY,0.7866247606242383,1
9746-UGFAC,0.10294069133107324,0
9108-EQPNQ,0.08718641470225144,0
0531-ZZJWQ,0.6460483810914156,1
8763-KIAFH,0.10188881417744884,0
5863-OOKCL,0.3027346627812157,0
2958-NHPPS,0.26213091728806875,0
9530-GRMJG,0.08315813452913247,0
1809-DMJHQ,0.488339458219179,0
0164-XAIRP,0.06937842022650162,0
2926-JEJJC,0.22512832701696078,0
1169-WCVAK,0.5703642039036932,1
1217-VASWC,0.5120549967076291,1
2452-KDRRH,0.637206626808178,1
6402-EJMWF,0.7027005504047554,1
7663-CUXZB,0.1784618715760327,0
4312-KFRXN,0.010415568302331597,0
3011-WQKSZ,0.3221131954249504,0
9747-DDZOS,0.7425587059390932,1
2091-MJTFX,0.416206372351227,0
0388-EOPEX,0.8001219790708589,1
3161-ONRWK,0.03880897194348936,0
2587-EKXTS,0.7082613620099895,1
9752-ZNQUT,0.7108074491883665,1
9572-WUKSB,0.7616027858832716,1
3836-FZSDJ,0.012578734820247912,0
8805-JNRAZ,0.5428295552968945,1
3069-SSVSN,0.5270669289417615,1
8015-IHCGW,0.1532073397434201,0
8132-YPVBX,0.8006732128280425,1
0235-KGSLC,0.8286585784220337,1
1302-UHBDD,0.8286144951722338,1
3722-WPXTK,0.9128378102007025,1
7531-GQHME,0.2777960172315562,0
1335-NTIUC,0.7761210008558954,1
9367-TCUYN,0.28066154745979655,0
1536-HBSWP,0.6638131446423637,1
8573-JGCZW,0.17352735183386567,0
2694-CIUMO,0.7270347730022269,1
2027-FECZV,0.8841816118981475,1
9103-TCIHJ,0.5043877478702011,1
1545-JFUML,0.17512170124302423,0
0524-IAVZO,0.8168010489290933,1
5519-TEEUH,0.08275255876632855,0
6654-QGBZZ,0.38353563531252766,0
2294-DMMUS,0.30453285538553865,0
0017-IUDMW,0.10608999303256636,0
5018-LXQQG,0.19335308065735823,0
5808-TOTXO,0.2216180688418842,0
1174-FGIFN,0.5587799957477553,1
0730-KOAVE,0.6351641692867659,1
1218-VKFPE,0.24468784550373185,0
5313-FPXWG,0.06325412909497348,0
2834-JKOOW,0.20053121218227685,0
9430-NKQLY,0.011217587607865386,0
0363-QJVFX,0.623795646912134,1
1658-TJVOA,0.8040901244074097,1
6685-GBWJZ,0.04393141721834272,0
6328-ZPBGN,0.8796846726613474,1
4003-FUSHP,0.47073130478505143,0
7690-KPNCU,0.1003268153069024,0
2969-WGHQO,0.30140740638704,0
1855-CFULU,0.3902814837892225,0
9788-YTFGE,0.41203744776436046,0
8266-VBFQL,0.8321596747067498,1
2325-NBPZG,0.7926802715529373,1
9906-NHHVC,0.11030170105256726,0
2541-YGPKE,0.07935219073735193,0
5049-MUBWG,0.18370419390333842,0
2332-TODQS,0.049623194380349823,0
4419-UJMUS,0.23165557021517225,0
2233-TXSIU,0.28434507252949387,0
6770-XUAGN,0.49223270358113164,0
2919-HBCJO,0.7549334174826963,1
9508-ILZDG,0.7296054198600515,1
5442-BHQNG,0.8077298111656147,1
7250-EQKIY,0.5208417284509254,1
6838-HVLXG,0.28070861819100196,0
9767-FFLEM,0.5685961255121026,1
2245-ADZFJ,0.11124907246775914,0
1150-WFARN,0.12632880411827832,0
9054-FOWNV,0.8133716408667822,1
7997-EASSD,0.2133371214065509,0
7560-QJAVJ,0.028091309778836462,0
2668-TZSPS,0.38837881956371134,0
9139-WQQDY,0.37625752986924077,0
6726-NNFWD,0.11163376843643132,0
9330-DHBFL,0.1213733127704818,0
5727-MYATE,0.036753900386748514,0
2824-DXNKN,0.034855660240446784,0
6166-ILMNY,0.7401416884554385,1
5236-XMZJY,0.15357437612654506,0
1709-EJDOX,0.017200012588934402,0
4962-CHQPW,0.07030673396756597,0
0301-FIDRB,0.03482813557985481,0
1820-TQVEV,0.864550536993687,1
9115-YQHGA,0.33464235644033397,0
1541-ETJZO,0.5442991008764961,1
6230-BSUXY,0.8973380979419546,1
6797-LNAQX,0.1455716836655671,0
9588-YRFHY,0.026582899002973948,0
1092-GANHU,0.7822648655040587,1
5951-AOFIH,0.40643908972557646,0
7029-RPUAV,0.8628533567054469,1
4700-UBQMV,0.34500834780366774,0
3594-UVONA,0.23402860805979522,0
7750-EYXWZ,0.49985056441834663,0
7054-ENNGU,0.47598829968452105,0
0402-OAMEN,0.007740417963248813,0
2195-VVRJF,0.5235057671635922,1
8819-ZBYNA,0.17202479566594292,0
7748-UMTRK,0.7881077430112512,1
1741-WTPON,0.11860999164758707,0
7209-JCUDS,0.8858917040548668,1
2485-ITVKB,0.8537646297808497,1
9648-BCHKM,0.09140359003643349,0
0743-HRVFF,0.25434578164027727,0
2522-AHJXR,0.4888402517148863,0
9143-CANJF,0.251178453031573,0
1444-VVSGW,0.18547620403649162,0
6898-MDLZW,0.46238590218878717,0
0074-HDKDG,0.1496823198758622,0
3982-JGSFD,0.08528622728757684,0
7928-VJYAB,0.8146127987901279,1
1522-VVDMG,0.7639261897269916,1
2665-NPTGL,0.8350237784557379,1
8728-SKJLR,0.5704196670977679,1
7733-UDMTP,0.5019167314397396,1
0431-APWVY,0.5488557112248805,1
5081-NWSUP,0.28161585678285034,0
2746-DIJLO,0.19402119977728302,0
7277-OZCGZ,0.6697395028588242,1
5236-PERKL,0.21275165968583468,0
2788-CJQAQ,0.1588783844122793,0
3096-WPXBT,0.22256951488037563,0
9962-BFPDU,0.3340273911793387,0
2892-GESUL,0.05526664343286104,0
9741-YLNTD,0.813985613351119,1
1205-WNWPJ,0.5901433603349786,1
3173-NVMPX,0.5664375881236671,1
9661-MHUMO,0.5670892654422928,1
6000-APYLU,0.8623339138746519,1
0048-PIHNL,0.03609343992870697,0
9420-LOJKX,0.7200154384144368,1
7061-OVMIM,0.06399998313636514,0
5671-RQRLP,0.15131532761545063,0
5129-JLPIS,0.711773527645597,1
5170-PTRKA,0.08016943862511855,0
4819-HJPIW,0.5510738772139131,1
8780-RSYYU,0.23618696312975074,0
2335-GSODA,0.08017733929461139,0
5696-CEIQJ,0.09469309919809608,0
6169-PPETC,0.02715962005873981,0
4237-RLAQD,0.6684507960050418,1
7359-WWYJV,0.10228791306355407,0
8620-RJPZN,0.46286128842700025,0
7426-WEIJX,0.46072640218170124,0
7629-WIXZF,0.4822929784241352,0
2616-FLVQC,0.010819520845674663,0
9163-GHAYE,0.5137853637918642,1
4464-JCOLN,0.19286163809427595,0
2971-SGAFL,0.7176680303701718,1
4735-ASGMA,0.8678456044977879,1
5245-VDBUR,0.09284127524061203,0
1493-AMTIE,0.45713255661031227,0
1112-CUNAO,0.8296307427289255,1
7571-YXDAD,0.7830146265816358,1
8714-EUHJO,0.7516780439771648,1
9040-KZVWO,0.36413426940211974,0
6713-OKOMC,0.5226541789588047,1
8749-CLJXC,0.39045401034073784,0
4713-LZDRV,0.9002089493996424,1
6598-RFFVI,0.2201265964448276,0
7470-MCQTK,0.763988146954218,1
5524-KHNJP,0.16820306858081727,0
1707-HABPF,0.3929799632341138,0
4581-LNWUM,0.7720113969396594,1
9710-ZUSHQ,0.6888904713591695,1
1697-LYYYX,0.018348783747637758,0
4013-GUXND,0.3865663388488338,0
5022-JNQEQ,0.7265418947039469,1
4983-CCWMC,0.8093072233530556,1
6345-FZOQH,0.008912187983372111,0
0962-CQPWQ,0.008717656397576426,0
5495-GPSRW,0.08829021326546142,0
2252-JHJGE,0.3883342837042466,0
7356-AYNJP,0.3249980798031529,0
2019-HDCZY,0.2869871758348479,0
8582-KRHPJ,0.22427996272651557,0
2867-UIMSS,0.8511732288411245,1
3487-EARAT,0.02963946903213536,0
9926-PJHDQ,0.07089608511278687,0
0289-IVARM,0.24697639412506017,0
4672-FOTSD,0.4916597335016762,0
6198-PNNSZ,0.29390619637776005,0
7603-USHJS,0.7572436176891812,1
6784-XYJAE,0.25162042232491244,0
3858-XHYJO,0.40600511140544576,0
1087-UDSIH,0.446469013360035,0
7251-LJBQN,0.5504378648571358,1
3200-MNQTF,0.018734761707876094,0
9359-UGBTK,0.05944782068227051,0
8160-HOWOX,0.7795832768492613,1
0258-NOKBL,0.8150501442683212,1
2800-QQUSO,0.758260682455073,1
2129-ALKBS,0.20241890219180653,0
9972-VAFJJ,0.3800333745292941,0
4693-VWVBO,0.4484639079752564,0
6969-MVBAI,0.8963016159314955,1
4821-WQOYN,0.007840709364308378,0
6769-DYBQN,0.5524233425626947,1
4018-PPNDW,0.018376282896337488,0
6288-CHQJB,0.026694214014722564,0
4905-JEFDW,0.6477233856179034,1
0559-CKHUS,0.06070410580355868,0
2659-VXMWZ,0.35588855236865313,0
6559-RAKOZ,0.5165681766961338,1
8809-XKHMD,0.09558769141537683,0
6365-HITVU,0.020414497013091844,0
0134-XWXCE,0.17635910762234605,0
9720-JJJOR,0.09453099404993187,0
2782-LFZVW,0.6997456043408632,1
6112-KTHFQ,0.3494099167241666,0
9220-ZNKJI,0.13333888769127855,0
9820-RMCQV,0.38680755232941183,0
9013-AQORL,0.24441100756069656,0
2040-OBMLJ,0.34135073896194695,0
5574-NXZIU,0.09341621529036548,0
5446-DKWYW,0.21156148109294687,0
0480-KYJVA,0.007919599655465268,0
1074-AMIOH,0.45668152917109894,0
0015-UOCOJ,0.6429289549987418,1
0256-LTHVJ,0.7348974771563127,1
4547-LYTDD,0.7861937498542716,1
1077-HUUJM,0.7968432677855196,1
2041-JIJCI,0.7778922113004971,1
1555-HAPSU,0.008151974408481899,0
4323-SADQS,0.5927723114501676,1
3292-PBZEJ,0.8666900606032698,1
6203-HBZPA,0.05904674986587002,0
9755-JHNMN,0.023409746186113217,0
7369-TRPFD,0.12731652419785025,0
9878-TNQGW,0.8852254000677189,1
2279-AXJJK,0.5214754193106582,1
5016-IBERQ,0.7193358264282778,1
1016-DJTSV,0.8564083928071471,1
8433-WPJTV,0.34471923847980246,0
8903-XEBGX,0.7390097136543765,1
2632-TACXW,0.01463969608647629,0
7952-OBOYL,0.7802732629352417,1
1470-PSXNM,0.46750201394086294,0
6227-HWPWX,0.6014143851738588,1
5924-SNGKP,0.055960380899398164,0
8818-DOPVL,0.7980194830206507,1
4521-WFJAI,0.02591005768687987,0
4724-WXVWF,0.567129058673696,1
3717-OEAUQ,0.753031040946852,1
8165-ZJRNM,0.007813119111742015,0
7838-LAZFO,0.13765073993208182,0
0513-RBGPE,0.06132407831257344,0
7251-XFOIL,0.48254584409174156,0
2525-GVKQU,0.01191847439748941,0
7579-OOPEC,0.566429849521909,1
3795-GWTRD,0.017321042202448737,0
4750-ZRXIU,0.9150627214217567,1
5445-PZWGX,0.2275736363651836,0
0516-UXRMT,0.26642102496559145,0
0727-BNRLG,0.13872038948328744,0
3932-CMDTD,0.7112818665689014,1
1264-FUHCX,0.21435007365105269,0
6194-HBGQN,0.10971633860482587,0
4524-QCSSM,0.4811539614872457,0
4570-QHXHL,0.6823366720637373,1
2972-YDYUW,0.31722979108556815,0
2061-VVFST,0.11935475205291042,0
6874-SGLHU,0.5571021648240727,1
9844-FELAJ,0.38543169722273096,0
1902-XBTFB,0.743974261512422,1
9039-RBEEE,0.2921671328716698,0
9369-XFEHK,0.6669459436596714,1
3680-CTHUH,0.2875988359733029,0
3679-XASPY,0.4173310021311035,0
9089-UOWJG,0.5658519488349368,1
1574-DYCWE,0.014531244215609185,0
9779-DPNEJ,0.7731594054117301,1
2967-MXRAV,0.20325112180387034,0
0327-WFZSY,0.5576696388376717,1
1731-TVIUK,0.8495479063347715,1
7666-WKRON,0.2400692711767361,0
3865-ZYKAD,0.33312863315217595,0
1465-LNTLJ,0.61784518612349,1
2696-RZVZW,0.011705663781721031,0
0685-MLYYM,0.8298038624135277,1
2778-OCLGR,0.4968973558594656,0
3982-XWFZQ,0.4587864939007948,0
4759-PXTAN,0.22678245413125467,0
1448-PWKYE,0.8238362153407972,1
8741-LQOBK,0.1502791611024813,0
8650-RHRKE,0.8049767108067741,1
7266-GSSJX,0.4018509571959281,0
1265-HVPZB,0.06966149194808167,0
9640-ZSLDC,0.1003810862228883,0
0988-JRWWP,0.7676934820042776,1
1926-QUZNN,0.013651300631487118,0
9025-ZRPVR,0.3971501339181442,0
6527-PZFPV,0.10994905777229494,0
7460-ITWWP,0.7120238361957967,1
1530-ZTDOZ,0.23466485360681197,0
4785-FCIFB,0.015983026198733603,0
9717-QEBGU,0.8589146930456429,1
0876-WDUUZ,0.7656235423103133,1
7881-EVUAD,0.7721028481926129,1
4002-BQWPQ,0.2855512985747992,0
6377-WHAOX,0.704336786105847,1
5027-YOCXN,0.224919426490187,0
8450-JOVAH,0.47902162469161463,0
6646-QVXLR,0.5683328225240657,1
0254-KCJGT,0.11330649156749233,0
3442-ZHHCC,0.08879577193626985,0
9167-APMXZ,0.7813957803901456,1
0616-ATFGB,0.8033887583072238,1
7273-TEFQD,0.862138859258597,1
8245-UMPYT,0.9049330496143123,1
6022-UGGSO,0.6988060229103461,1
6292-TOSSS,0.023758615781375496,0
5207-PLSTK,0.5285540368320114,1
3908-BLSYF,0.8256737316815096,1
4317-VTEOA,0.7078229736863323,1
0625-AFOHS,0.03521420071769524,0
4667-OHGKG,0.4768784845244155,0
2386-OWURY,0.6137748155042677,1
3780-DDGSE,0.47964029394817126,0
1047-RNXZV,0.025878384621073003,0
3926-YZVVX,0.0970624483614666,0
4742-TXUEX,0.01619042686629469,0
8709-KRDVL,0.8232372835550753,1
0397-ZXWQF,0.009057582385877061,0
3910-MRQOY,0.007369392672817399,0
2511-MORQY,0.10357601321529618,0
4039-PIMHX,0.058839631679166636,0
8083-YTZES,0.8803746288954337,1
1346-PJWTK,0.3138394796499306,0
3750-YHRYO,0.16044564851541485,0
1236-WFCDV,0.7962669491911016,1
5949-HGVJL,0.5693058733325714,1
9112-WSNPU,0.6303797521069946,1
1360-JYXKQ,0.4960918188404531,0
3585-ISXZP,0.8292750663302249,1
8380-PEFPE,0.8291799532816664,1
9402-ROUMJ,0.1715284215007828,0
4335-UPJSI,0.04311428016979872,0
6096-EGVTU,0.02293756036578371,0
8988-ECPJR,0.6259384443680492,1
7677-SJJJK,0.1493737479958022,0
5850-BDWCY,0.33424898597257524,0
2025-JKFWI,0.8275755171578311,1
8028-PNXHQ,0.016627228914991233,0
8397-MVTAZ,0.8439809642123566,1
4445-ZJNMU,0.8584457625006005,1
3125-RAHBV,0.10778357592072679,0
6682-QJDGB,0.18827089647238737,0
8840-DQLGN,0.5621673476140746,1
6258-NGCNG,0.3967280328818983,0
5917-RYRMG,0.08462137657230669,0
7157-SMCFK,0.009622715256074171,0
0816-TSPHQ,0.3771396512388296,0
6766-HFKLA,0.1989955082189277,0
7067-KSAZT,0.5424199274266767,1
5155-AZQPB,0.35798385294955276,0
6890-PFRQX,0.4590945831841922,0
3508-VLHCZ,0.03629562662144207,0
3649-JPUGY,0.06083355688943418,0
9248-OJYKK,0.9005739674952076,1
7239-HZZCX,0.39201301368185426,0
9860-LISIZ,0.1343959598871829,0
6979-ZNSFF,0.8849752996755196,1
8938-UMKPI,0.7656149194999766,1
1820-DJFPH,0.010897944528930016,0
0732-OCQOC,0.024041967262983868,0
6776-TLWOI,0.3720247834589006,0
4940-KHCWD,0.02282463631007103,0
9057-SIHCH,0.9190899313782672,1
9866-QEVEE,0.7974601198570476,1
5542-TBBWB,0.8636537613591816,1
4587-VVTOX,0.8983444484865925,1
6322-HRPFA,0.08151102334361936,0
6284-AHOOQ,0.7494291164339374,1
4530-NDRKU,0.07940984826679377,0
1751-NCDLI,0.8231899056462093,1
3893-JRNFS,0.243265719797094,0
5857-XRECV,0.17461276683653731,0
3115-CZMZD,0.14184445198331053,0
4489-SNOJF,0.2948615847418534,0
1051-GEJLJ,0.3752027089532573,0
3563-SVYLG,0.011464683164163735,0
4301-VVZKA,0.8355245449422147,1
9351-HXDMR,0.15036946702101958,0
5161-XEUVX,0.23876230404318308,0
3088-FVYWK,0.017163264335814533,0
9812-GHVRI,0.6200805410212173,1
1370-GGAWX,0.5446881486506203,1
6023-YEBUP,0.9196824201819711,1
9940-RHLFB,0.8057977131550089,1
4541-RMRLG,0.41568937446939935,0
2606-RMDHZ,0.6920884787000366,1
5575-TPIZQ,0.5688442012516502,1
9378-FXTIZ,0.2537864461470106,0
4631-OACRM,0.8623250972611649,1
8593-WHYHV,0.9060319520059359,1
1403-GYAFU,0.006398922445972007,0
7641-TQFHN,0.2417346108640382,0
4237-CLSMM,0.3844607824809679,0
4360-PNRQB,0.7598810635040116,1
5334-AFQJB,0.016104845433170513,0
9308-ANMVE,0.2081694339088849,0
3530-VWVGU,0.17209422544200878,0
4674-HGNUA,0.02860800135772333,0
3030-YDNRM,0.8657246459229933,1
3642-BYHDO,0.005953762070398226,0
0440-UEDAI,0.2672175270225026,0
9819-FBNSV,0.6030410670181031,1
9289-LBQVU,0.1161590665215026,0
4468-YDOVK,0.49092239500962653,0
2001-EWBQU,0.28648738880365626,0
9992-UJOEL,0.6258006912730087,1
8409-WQJUX,0.4343716546981956,0
3077-RSNTJ,0.2906474185846094,0
6993-YCOBK,0.20802329844481862,0
4817-VYYWS,0.8325253903834778,1
4702-HDRKD,0.07529137245424844,0
3251-YMVWZ,0.04294358594405353,0
4190-MFLUW,0.3460849133186073,0
4678-DVQEO,0.6525233252610386,1
4701-AHWMW,0.35113224329263304,0
2987-BJXIK,0.04837438053115911,0
1730-VFMWO,0.23062369598750349,0
1936-UAFEH,0.09721995166104813,0
5140-FOMCQ,0.3613710649613187,0
8778-LMWTJ,0.7604948978346193,1
9840-DVNDC,0.8180481041701464,1
8033-VCZGH,0.5436091072605059,1
8580-QVLOC,0.029080604576316216,0
6128-AQBMT,0.6534879714580119,1
6257-RJOHI,0.5604876399802451,1
1929-ZCBHE,0.092283379145627,0
6242-SGYTS,0.2188200615579209,0
7010-ZMVBF,0.19643692946134694,0
3519-ZKXGG,0.8797722828057062,1
5666-MBJPT,0.018644462217988635,0
3313-QKNKB,0.4038194695375853,0
7581-EBBOU,0.09027347567499334,0
1784-BXEFA,0.3704218198654405,0
7492-TAFJD,0.17028432003521426,0
5213-TWWJU,0.6477625246390093,1
3312-ZWLGF,0.7506589777557632,1
2923-ARZLG,0.32589666981807514,0
7032-LMBHI,0.16976821259255945,0
8292-ITGYJ,0.03226289699340123,0
9107-UKCKY,0.28341874068017453,0
6848-HJTXY,0.010026068378364228,0
4184-VODJZ,0.37570184568663334,0
4846-WHAFZ,0.7502144607434088,1
8735-SDUFN,0.011501587468733969,0
0839-JTCUD,0.03140658549832235,0
6857-VWJDT,0.8609688138408543,1
7363-QTBIW,0.8644223407265668,1
6158-HDPXZ,0.7083744789310853,1
5419-CONWX,0.853768158014552,1
9286-DOJGF,0.6649863686763804,1
2408-PSJVE,0.18460065293062766,0
2087-QAREY,0.44217978659324936,0
6777-TGHTM,0.4098162646529317,0
6507-ZJSUR,0.8669198579274174,1
5025-GOOKI,0.273798000572813,0
6080-LNESI,0.02434941751860704,0
2236-HILPA,0.008827722792887181,0
1386-ZIKUV,0.416555015409803,0
3365-SAIGS,0.8055077560004631,1
6061-GWWAV,0.09505612198900337,0
9979-RGMZT,0.7097629179815047,1
8445-DNBAE,0.7447390612699083,1
6872-HXFNF,0.06340039318662744,0
1320-HTRDR,0.8781446103800433,1
3923-CSIHK,0.5974825840879512,1
2446-ZKVAF,0.4515337401673897,0
4640-UHDOS,0.5734332123649221,1
5457-COLHT,0.021317318492236538,0
2254-DLXRI,0.826619297530801,1
5339-PXDVH,0.8099257867613584,1
2386-LAHRK,0.7259195727379565,1
5062-CJJKH,0.17097466083731813,0
8930-XOTDP,0.44227414998340137,0
4779-ZGICK,0.02294499329018362,0
9534-NSXEM,0.12543010376198835,0
3716-BDVDB,0.8656962198702806,1
9842-EFSYY,0.6835072041846066,1
9122-UMROB,0.38915654635686003,0
1867-BDVFH,0.8288975746563474,1
5949-EBSQK,0.46876062133219343,0
4160-AMJTL,0.4347618417393198,0
8622-ZLFKO,0.8796674944068101,1
2990-IAJSV,0.03314640448158989,0
6064-ZATLR,0.06992998385750163,0
7409-KIUTL,0.8476336451884945,1
5505-OVWQW,0.13231514907921743,0
3948-KXDUF,0.019250726078957142,0
9814-AOUDH,0.01621342115153108,0
7398-LXGYX,0.4949589911725204,0
5266-PFRQK,0.03724976665576335,0
1568-BEKZM,0.042091782379058314,0
2692-PFYTJ,0.5200514480637187,1
2533-QVMSK,0.22229859563232962,0
5828-AVIPD,0.6817022933368164,1
2907-ILJBN,0.1355965791592956,0
5226-NOZFC,0.7608819546465503,1
7114-AEOZE,0.011500280687684196,0
2202-CUYXZ,0.8832147197488385,1
3466-RITXD,0.665324555730463,1
7278-CKDNC,0.8043579046483186,1
1956-YIFGE,0.562782893934595,1
0422-UXFAP,0.6138286379871692,1
3733-UOCWF,0.24585722268752006,0
7191-ADRGF,0.14015558281792265,0
5709-LVOEQ,0.23631015994517862,0
6034-YMTOB,0.727840579538362,1
6372-RFVNS,0.8504820203964135,1
9052-DHNKM,0.22675904568884728,0
5609-IMCGG,0.6902788819209558,1
2959-MJHIC,0.8788793051504844,1
1319-YLZJG,0.7136763785195022,1
7623-TRNQN,0.5353438573788384,1
0377-JBKKT,0.24991452224815128,0
1936-CZAKF,0.11956413764237682,0
5063-IUOKK,0.08448060483248471,0
8646-JCOMS,0.19679620064699174,0
0979-MOZQI,0.06330177760810422,0
1525-LNLOJ,0.06349413651670441,0
5759-RCVCB,0.7205214043395894,1
9968-FFVVH,0.040962395025109344,0
2266-FUBDZ,0.06445333469471522,0
4760-THGOT,0.6532958428201447,1
2307-FYNNL,0.2573087162636845,0
1143-NMNQJ,0.9047833902552823,1
1629-DQQVB,0.35577190522425256,0
3766-EJLFL,0.12797838154311644,0
8457-XIGKN,0.2775376670103736,0
4981-FLTMF,0.0789176838125052,0
7606-BPHHN,0.010346348823762735,0
7005-CCBKV,0.8591986663464267,1
4648-YPBTM,0.08059306999854358,0
2325-ZUSFD,0.11266561432460384,0
1240-KNSEZ,0.47252583718855845,0
0430-IHCDJ,0.6946353151596408,1
7957-RYHQD,0.46290919901820693,0
6164-HAQTX,0.02239071639022505,0
0749-IRGQE,0.8000908813406389,1
1227-UDMZR,0.04593381694535383,0
5473-KHBPS,0.342359846882695,0
5297-MDOIR,0.16767981984109162,0
8873-TMKGR,0.0879744115975665,0
6481-ESCNL,0.7305722460463769,1
0463-WZZKO,0.4347405698515888,0
1038-RQOST,0.19565362163485253,0
4937-QPZPO,0.5117829518768944,1
3604-WLABM,0.5017879883942803,1
1360-XFJMR,0.3270946372904477,0
8717-VCTXJ,0.07280305424433403,0
5196-SGOAK,0.8367651711472491,1
8739-XNIKG,0.8981707758906147,1
2320-TZRRH,0.11987632688274368,0
5186-SAMNZ,0.8329100812203939,1
5760-FXFVO,0.7575544421905552,1
5380-WJKOV,0.8168148896274027,1
4703-MQYKT,0.06177238320793089,0
2001-MCUUW,0.29793292040910313,0
4947-DSMXK,0.7268396972900197,1
0076-LVEPS,0.26570562863928043,0
5566-SOEZD,0.2969866160829261,0
7408-OFWXJ,0.02684887985266232,0
1097-FSPVW,0.17440305102041048,0
4412-YLTKF,0.8059402982079448,1
0420-TXVSG,0.03636122496071123,0
7817-BOQPW,0.8817087008413464,1
0963-ZBDRN,0.7569742196593888,1
9685-WKZGT,0.8623379996182569,1
2139-FQHLM,0.6190321340055626,1
5825-XJOCM,0.09668858588199218,0
0004-TLHLJ,0.8489946553712745,1
7529-ZDFXI,0.6790608505133503,1
6848-YLDFR,0.10982047314246944,0
5820-PTRYM,0.08572311285840202,0
2984-RGEYA,0.006523594687664904,0
6434-TTGJP,0.1370706005210018,0
9643-AVVWI,0.736141625272457,1
3506-OVLKD,0.0833468613392108,0
4946-EDSEW,0.31840356839950346,0
2924-KHUVI,0.4921415990117723,0
2263-SFSQZ,0.02730032679765302,0
5281-BUZGT,0.7385551299264757,1
3717-FDJFU,0.09175905640601908,0
2239-CFOUJ,0.1976561981941582,0
8699-ASUFO,0.8503756236221556,1
1122-YJBCS,0.048969336502294694,0
0628-CNQRM,0.18330640587003252,0
1705-GUHPV,0.015027144987064126,0
4877-TSOFF,0.08196529938791883,0
7404-JLKQG,0.7011981830517756,1
0379-DJQHR,0.030205778056963985,0
8993-PHFWD,0.7531946979578925,1
3930-ZGWVE,0.39201301368185426,0
1965-DDBWU,0.7656652175425644,1
7572-KPVKK,0.27134973440210064,0
6854-EXGSF,0.5019275459482646,1
9483-GCPWE,0.1490619061821307,0
8053-WWDRO,0.32893813516416853,0
9473-CBZOP,0.18141896319453152,0
3985-HOYPM,0.09896200396557679,0
8378-LKJAF,0.7209828505481481,1
1310-QRITU,0.6584826647335595,1
3237-AJGEH,0.6304695512962004,1
6542-LWGXJ,0.6963834960575582,1
6953-PBDIN,0.03643612598277394,0
6332-FBZRI,0.042626304571366985,0
9365-CSLBQ,0.008661471336591243,0
3466-WAESX,0.5681550491928111,1
9700-ISPUP,0.559670884773544,1
5167-ZFFMM,0.8517583541009713,1
7669-LCRSD,0.5775031751097137,1
0870-VEMYL,0.35555716275727367,0
2995-UPRYS,0.45779229534553606,0
3179-GBRWV,0.4595639128672173,0
0701-TJSEF,0.4659692406586083,0
1848-LBZHY,0.5007782314412385,1
5380-XPJNZ,0.058758939965183006,0
6608-QQLVK,0.7323596754219991,1
1475-VWVDO,0.8333563565515479,1
3721-CNEYS,0.8530017304258691,1
4299-OPXEJ,0.019127367707323036,0
0096-BXERS,0.6820859480025895,1
3055-VTCGS,0.08693997026343506,0
9405-GPBBG,0.20074280088801355,0
6704-UTUKK,0.7345026445375495,1
9944-AEXBM,0.7331838909986912,1
2545-EBUPK,0.9202482247351057,1
6270-OMFIW,0.46330426324208307,0
1852-XEMDW,0.3328047158834537,0
8158-WPEZG,0.6609173072436862,1
5198-EFNBM,0.4361031224317971,0
7663-RGWBC,0.676619462520114,1
3970-XGJDU,0.014893030444960102,0
6845-RGTYS,0.6157718893376549,1
0123-CRBRT,0.039503063193253106,0
6077-BDPXA,0.8508790093782512,1
2250-IVBWA,0.23562949671392697,0
6137-NICCO,0.7997271761160767,1
8129-GMVGI,0.01171170880150084,0
4353-HYOJD,0.27873055552219494,0
8671-KKKOS,0.3091051756243745,0
8080-DDEMJ,0.7065830164252176,1
6698-OXETB,0.09007701191066611,0
3312-UUMZW,0.7726387035039922,1
6376-GAHQE,0.843300929995804,1
0733-VUNUW,0.42074387180428385,0
6733-LRIZX,0.3871943192807309,0
2165-VOEGB,0.24299637240211314,0
1853-UDXBW,0.8363897757752711,1
9070-BCKQP,0.13945491820111944,0
1035-IPQPU,0.7226105271610167,1
2057-ZBLPD,0.8467982220216109,1
6967-PEJLL,0.175939576684232,0
7879-CGSFV,0.32223111947192673,0
2257-BOVXD,0.5839961081590154,1
9822-BIIGN,0.19171246781810386,0
1136-XGEQU,0.17166071360069932,0
2439-LYPMQ,0.8398675767469225,1
6543-XRMYR,0.8539505489100354,1
5753-QQWPW,0.17473958199908063,0
4785-QRJHC,0.27159980377789406,0
0052-YNYOT,0.025720824720270898,0
7054-LGEQW,0.5817789075691991,1
0608-JDVEC,0.02745673507452048,0
6284-KMNUF,0.4858105257501554,0
6286-SUUWT,0.39097343128860834,0
3594-KADLU,0.514418978459978,1
0536-ACXIP,0.2387325835483654,0
8869-TORSS,0.07510362877221718,0
0373-AIVNJ,0.3192153963841981,0
6429-SHBCB,0.6319420268168952,1
5751-USDBL,0.049882672336148896,0
6815-ABQFQ,0.48515300144324475,0
9450-TRJUU,0.7322702029695118,1
2805-AUFQN,0.04836170608306477,0
7855-DIWPO,0.7706611502940581,1
0174-QRVVY,0.008460457807330268,0
9507-EXLTT,0.8402349104164473,1
8390-FESFV,0.059489291709192406,0
0661-KBKPA,0.18309566727017262,0
6856-RAURS,0.8420761700993922,1
7322-OCWHC,0.07959412675315744,0
2203-GHNWN,0.7315115008619472,1
3413-CSSTH,0.36465195832021513,0
3006-XIMLN,0.8673900192210351,1
3750-CKVKH,0.8649428640120524,1
0576-WNXXC,0.8284846545804824,1
7056-IMHCC,0.7741833914184718,1
0866-QLSIR,0.1375248090467206,0
1628-BIZYP,0.8731942034237787,1
2230-XTUWL,0.016302713601995436,0
1980-KXVPM,0.8516067253230186,1
8619-IJNDK,0.009623087964083493,0
2960-NKRSO,0.6496283251108345,1
6705-LXORM,0.8187470198100542,1
7130-VTEWQ,0.877910795449388,1
9364-YKUVW,0.3350041199361655,0
2761-OCIAX,0.8600455754420099,1
7996-BPXHY,0.10841451636237358,0
4248-QPAVC,0.7082814010297643,1
9357-UJRUN,0.27882587190211555,0
6340-DACFT,0.014313464098830277,0
1023-BQXZE,0.07749936159067268,0
5480-HPRRX,0.7812550505998717,1
9576-SYUHJ,0.7043682970594662,1
2169-RRLFW,0.010295874095793087,0
8338-QIUNR,0.01979949146115448,0
0463-TXOAK,0.01765129961332451,0
4396-KLSEH,0.5274957937271257,1
5186-EJEGL,0.47135106255584946,0
9334-GWGOW,0.8871819712003849,1
5696-JVVQY,0.05109259787056358,0
9633-DENPU,0.3025476229572463,0
0581-BXBUB,0.8067131978311113,1
2750-BJLSB,0.39643379021803543,0
2770-NSVDG,0.5765653217518727,1
8280-MQRQN,0.6529626774327674,1
7851-FLGGQ,0.7256440501350274,1
9374-YOLBJ,0.41839252172869545,0
6583-SZVGP,0.32591556477164646,0
2150-OEGBV,0.08929879654079366,0
9372-TXXPS,0.016622412795403878,0
6933-FHBZC,0.24575402562434998,0
4698-KVLLG,0.019632748206464185,0
8752-STIVR,0.876805164385901,1
8623-ULFNQ,0.6151888206402368,1
9822-WMWVG,0.5660948448762991,1
4304-TSPVK,0.10511150924844521,0
1716-LSAMB,0.026359221384856385,0
3523-QRQLL,0.3371845749509038,0
2187-PKZAY,0.7989471686478284,1
1895-QTKDO,0.5787251015693973,1
8161-QYMTT,0.9180971852596532,1
2955-PSXOE,0.4490948798037599,0
6834-NXDCA,0.7451922667694655,1
8701-DGLVH,0.018335425608109357,0
2480-SQIOB,0.6002415933338574,1
4993-JCRGJ,0.6576175111663897,1
0581-MDMPW,0.7674963628273829,1
7789-CRUVC,0.326756014969333,0
0164-APGRB,0.18695720914457575,0
8034-RYTVV,0.24941413410082003,0
3018-TFTSU,0.5632341573007402,1
9777-IQHWP,0.09704908886639611,0
6899-PPEEA,0.844330990188128,1
6701-YVNQG,0.04692649668535111,0
7649-PHJVR,0.17009736239425177,0
9278-VZKCD,0.7024402622001618,1
7636-PEPNS,0.0852964218035291,0
1575-KRZZE,0.5008579559076576,1
8590-OHDIW,0.0484683071196646,0
7764-BDPEE,0.31554808728723455,0
9480-BQJEI,0.2705592552771496,0
3354-OADJP,0.19119000655117344,0
3181-MIZBN,0.28192184279652527,0
9327-QSDED,0.5382535939668281,1
4892-VLANZ,0.39175302585312877,0
0298-XACET,0.05050242137152245,0
6917-FIJHC,0.01406257199459091,0
6557-BZXLQ,0.7647561304920185,1
2432-TFSMK,0.6598693424227625,1
4211-MMAZN,0.3894159142385872,0
4751-ERMAN,0.05185892790515979,0
8430-TWCBX,0.036950155784378665,0
1942-OQFRW,0.6787991905970963,1
4075-JFPGR,0.340689887644183,0
3339-EAQNV,0.4129570951430967,0
5329-KRDTM,0.03629560048043456,0
0307-BCOPK,0.13990207324709877,0
6473-ULUHT,0.4663889181216992,0
1194-SPVSP,0.3783920169388496,0
7249-WBIYX,0.884879631137974,1
2293-IJWPS,0.4890182348876042,0
4377-VDHYI,0.4291182920720099,0
0019-EFAEP,0.11468824038736791,0
2480-EJWYP,0.47611365994730503,0
8970-ANWXO,0.4167650608078464,0
8739-WWKDU,0.8363352171503097,1
2171-UDMFD,0.16103972857751087,0
7036-TYDEC,0.20426058307040607,0
3831-YCPUO,0.08036784897486103,0
0121-SNYRK,0.10130371085671448,0
3325-FUYCG,0.4936009125832092,0
1952-DVVSW,0.17113828176448073,0
3571-DPYUH,0.25189516305674864,0
2077-MPJQO,0.8869299457787004,1
2391-SOORI,0.4972882670356491,0
4086-ATNFV,0.11739722065234434,0
3396-DKDEL,0.11455708324066091,0
7471-MQPOS,0.08729492342821775,0
7181-OQCUT,0.7187491036038982,1
3489-VSFRD,0.057489412607007045,0
6283-GITPX,0.019507418548538668,0
2845-HSJCY,0.8505169270614656,1
7216-KAOID,0.0425246562118884,0
6680-WKXRZ,0.7788281078449687,1
2346-LOCWC,0.010225333771551316,0
0769-MURVM,0.023612643088293025,0
3374-LXDEV,0.6954879050471305,1
5318-YKDPV,0.07277580669204718,0
8190-ZTQFB,0.45263664132954845,0
4512-ZUIYL,0.7394104128793585,1
3090-QFUVD,0.3683103220860703,0
4806-KEXQR,0.8813486194606852,1
2369-FEVNO,0.4736136334926444,0
9637-CDTKZ,0.1317232623486958,0
2954-PIBKO,0.02068398676570083,0
2212-LYASK,0.33205761564378344,0
9481-SFCQY,0.5356115682582123,1
2828-SLQPF,0.5003880428456431,1
4647-MUZON,0.7996730416526027,1
8212-DJRCH,0.7208097313742942,1
0516-OOHAR,0.42984699369848334,0
4973-RLZVI,0.11206600777810548,0
8089-UZWLX,0.20097377570326824,0
9732-KPKBW,0.5776214537123749,1
9715-WZCLW,0.21408941168354748,0
0257-KXZGU,0.27597415527918423,0
0707-HOVVN,0.0522035927707802,0
5501-TVMGM,0.7866601663738483,1
3422-LYEPQ,0.833382033480578,1
2277-VWCNI,0.6589579621847397,1
5461-QKNTN,0.6958251995272837,1
3967-KXAPS,0.034127807192301046,0
6919-ELBGL,0.12353803211779599,0
8361-LTMKD,0.861801696830973,1
1131-ALZWV,0.12324961669950862,0
5178-LMXOP,0.9380715868394912,1
8992-CEUEN,0.47291070822462394,0
3320-VEOYC,0.9115732052026849,1
3672-YITQD,0.818617869786864,1
6080-TCMYC,0.6587633094369575,1
6734-FQAJX,0.18050049425612735,0
1063-DHQJF,0.08921484658577264,0
3976-NLDEZ,0.38760166080590674,0
1729-VLAZJ,0.2013043924740333,0
3400-ESFUW,0.01655824204925853,0
5271-YNWVR,0.17410829062813296,0
1587-FKLZB,0.6070327068900115,1
0958-YHXGP,0.7827426365423472,1
1494-EJZDW,0.07528444060739352,0
1816-FLZDK,0.6367640205211088,1
2075-PUEPR,0.012263074020601755,0
1833-TCXKK,0.698795257056497,1
1436-ZMJAN,0.6951653666494801,1
0106-UGRDO,0.1971600313792337,0
1069-XAIEM,0.920500445640272,1
4213-HKBJO,0.04483586693202769,0
8345-MVDYC,0.05514103687792977,0
2672-OJQZP,0.5881355958403953,1
5136-RGMZO,0.5083144294659738,1
5774-QPLTF,0.04228503433323384,0
5240-CAOYT,0.30280326002486174,0
3707-GNWHM,0.8524362269783244,1
5159-YFPKQ,0.8481065512960334,1
5052-PNLOS,0.8681016944496244,1
6173-GOLSU,0.6250393449124468,1
6661-HBGWL,0.7386423803359045,1
8207-VVMYB,0.015188014103795049,0
5324-KTGCG,0.0232865553816244,0
7354-OIJLX,0.8613407525787512,1
9286-BHDQG,0.011781666618886515,0
3567-PQTSO,0.5272454639414101,1
3197-ARFOY,0.6716808735552291,1
5698-BQJOH,0.8787954103298774,1
1090-ESELR,0.0589995921058928,0
0056-EPFBG,0.11944252134167731,0
4955-VCWBI,0.039716244191808976,0
4717-GHADL,0.11856668107317356,0
0058-EVZWM,0.4935884349883155,0
7218-HKQFK,0.8768204959363547,1
5057-RKGLH,0.07778410728720819,0
2309-OSFEU,0.7585127753928939,1
3429-IFLEM,0.016912767061612828,0
1550-LOAHA,0.568660884180948,1
1400-MMYXY,0.9203945383356643,1
7503-QQRVF,0.7318236934366252,1
7504-UWHNB,0.6787938318755021,1
9565-JSNFM,0.37997557677639254,0
4735-BJKOU,0.027898695140089927,0
3580-GICBM,0.01795606504005173,0
7632-YUTXB,0.08142783522390476,0
9412-ARGBX,0.1426986860600424,0
9576-ANLXO,0.7953478695069587,1
1110-KYLGQ,0.424483137775381,0
8696-JKZNU,0.7472770438530009,1
8757-TFHHJ,0.5615458805188862,1
2955-BJZHG,0.7371725977453458,1
9048-JVYVF,0.7552444711909609,1
0682-USIXD,0.7514885548090542,1
3884-UEBXB,0.018016022454775904,0
1776-SPBWV,0.0740193089808783,0
9050-QLROH,0.8010671684295287,1
2925-VDZHY,0.0283193081467212,0
9512-UIBFX,0.717672403511238,1
8676-TRMJS,0.7919026155496391,1
3334-CTHOL,0.7038210444485585,1
6331-LWDTQ,0.7418948767577545,1
3847-BAERP,0.37141753200902716,0
4709-LKHYG,0.09468313411968937,0
8621-MNIHH,0.8010634042208578,1
8884-ADFVN,0.9225777013751922,1
2885-HIJDH,0.03320747664629918,0
8570-KLJYJ,0.14329558613597743,0
9339-FIIJL,0.0470095758771849,0
6223-DHJGV,0.0706177439671853,0
0959-WHOKV,0.48858936462219654,0
9610-WCESF,0.04151613054133527,0
9279-CJEOJ,0.8497739785577735,1
2985-FMWYF,0.880274018511944,1
3540-RZJYU,0.6999639560925329,1
2522-WLNSF,0.17764333318852513,0
6861-XWTWQ,0.9262350561132463,1
8735-NBLWT,0.2661907800310246,0
1744-JHKYS,0.22583171274832745,0
0841-NULXI,0.8593930671585933,1
4016-BJKTZ,0.41216592623076187,0
9298-WGMRW,0.12930028661739246,0
7893-IXHRQ,0.47175026396209957,0
8785-CJSHH,0.7023974773808451,1
7654-YWJUF,0.21276737486356095,0
8909-BOLNL,0.21558906913631054,0
9919-FZDED,0.0706837154596897,0
0322-CHQRU,0.6641691192877412,1
3587-PMCOY,0.7145183267116274,1
0655-RBDUG,0.8800547863126256,1
0983-TATYJ,0.1768996577139059,0
5650-YLIBA,0.7379866049721848,1
5144-TVGLP,0.8014298279150327,1
3569-EDBPQ,0.6478879220867878,1
4945-RVMTE,0.4743349918273781,0
3511-BFTJW,0.01609341468265145,0
5537-UXXVS,0.21385585494330472,0
8782-NUUOL,0.08087873568810307,0
2865-TCHJW,0.9097693503185098,1
9931-KGHOA,0.19011249047674794,0
3071-MVJCD,0.01796044156130086,0
7279-BUYWN,0.7433749859280938,1
3756-VNWDH,0.4849844185364709,0
1395-OFUWC,0.2313374045517687,0
4223-BKEOR,0.184297827763415,0
0040-HALCW,0.012428471025258014,0
7124-UGSUR,0.46979036889846104,0
7395-XWZOY,0.4430004892060079,0
5440-VHLUL,0.3195235643024366,0
4706-DGAHW,0.7061304487610128,1
8166-ORCHU,0.4387891352487718,0
3978-YNKDD,0.050919295181225586,0
7198-GLXTC,0.8478608976077894,1
6366-XIVKZ,0.4748945822110823,0
5133-POWUA,0.668692535182473,1
8400-WZICQ,0.12261078957284027,0
5382-SOYZL,0.8810117365918068,1
1989-PRJHP,0.8047130267622865,1
4154-AQUGT,0.7375715466899695,1
0980-FEXWF,0.18047168975720168,0
5845-BZZIB,0.028446657670735002,0
4840-ORQXB,0.683462041946854,1
0295-PPHDO,0.9268881637752189,1
8775-ERLNB,0.8732296604703932,1
0376-YMCJC,0.7862527551853057,1
7410-YTJIK,0.7623618287044487,1
9927-DSWDF,0.7024530600233255,1
6681-ZSEXG,0.05174824378957791,0
5702-KVQRD,0.056355165947682584,0
8711-LOBKY,0.01081388615610833,0
9692-TUSXH,0.8005262098776758,1
4012-YCFAI,0.025884521053555255,0
8455-HIRAQ,0.5269400071894155,1
7853-WNZSY,0.4604459569928047,0
0390-DCFDQ,0.8359929246168567,1
6421-SZVEM,0.38905722163093187,0
3094-JOJAI,0.7120897621819517,1
4873-ILOLJ,0.8434905931905663,1
8181-YHCMF,0.039206088680385505,0
3324-OIRTO,0.19505075680489517,0
9135-HSWOC,0.011573205650817835,0
2272-WUSPA,0.21941970756143214,0
4627-MIHJH,0.12286951087539998,0
3896-RCYYE,0.256993106963153,0
6729-GDNGC,0.7050963355447721,1
9945-PSVIP,0.057695305292629936,0
4137-JOPHL,0.17151257009284127,0
2720-FVBQP,0.6212987223159103,1
7854-EKTJL,0.48530954152769396,0
1133-KXCGE,0.12846966021576056,0
6048-QBXKL,0.6886217927438968,1
6338-AVWCY,0.791044682526189,1
0013-MHZWF,0.5665506345586471,1
9804-ICWBG,0.8636537613591816,1
2368-GAKKQ,0.13403932953086373,0
4829-AUOAX,0.6366072665321508,1
7876-BEUTG,0.60940254462389,1
6349-JDHQP,0.01558261774184211,0
3063-QFSZL,0.7806058471737751,1
9142-XMYJH,0.15676675601298,0
2609-IAICY,0.8809355938971225,1
8626-PTQGE,0.046394128787906316,0
0230-UBYPQ,0.05174846270769186,0
6814-ZPWFQ,0.052794788220336744,0
5921-NGYRH,0.30740112957309634,0
7803-XOCCZ,0.2531138685715472,0
1459-QNFQT,0.029442246123351105,0
3948-FVVRP,0.3487268297060137,0
0923-PNFUB,0.818068755419245,1
4654-ULTTN,0.03921897959882724,0
5628-FCGYG,0.8538233862332786,1
0506-LVNGN,0.7991932349285055,1
4329-YPDDQ,0.6273546237147588,1
9866-OCCKE,0.17346339047588313,0
0794-YVSGE,0.005838071891035982,0
4342-HENTK,0.8721850702346591,1
5934-TSSAU,0.6150022038180689,1
9986-BONCE,0.3359417235719718,0
5301-GAUUY,0.6446489633552113,1
0725-CXOTM,0.220091137040995,0
2843-CQMEG,0.4371312242693837,0
5600-PDUJF,0.5365047910250633,1
4500-HKANN,0.09291592342675464,0
1862-QRWPE,0.015534244457065376,0
2155-AMQRX,0.3951004794563819,0
0823-HSCDJ,0.5559803101706525,1
4090-KPJIP,0.8792600006400949,1
2737-YNGYW,0.8436123623227563,1
5619-XZZKR,0.21306833896276467,0
6047-YHPVI,0.8477440245291081,1
8375-DKEBR,0.8781120265086619,1
7729-XBTWX,0.01136090360763703,0
4983-CLMLV,0.58613302047037,1
9227-LUNBG,0.7711161854887285,1
2758-RNWXS,0.4206285020296762,0
7055-HNEOJ,0.5618511612314584,1
7134-MJPDY,0.3995949207481295,0
4560-WQAQW,0.07215030480915229,0
8532-UEFWH,0.01892425504714691,0
8541-QVFKM,0.8668002811551039,1
7129-ACFOG,0.6761910849683743,1
2495-INZWQ,0.874623240514645,1
0263-FJTQO,0.05345854467119503,0
0181-RITDD,0.08281080826071986,0
8241-JUIQO,0.023201398527391084,0
0913-XWSCN,0.4563284420795552,0
2159-TURXX,0.3386377028124694,0
6461-PPAXN,0.09333701830007107,0
1452-KIOVK,0.7202637090547428,1
1139-WUOAH,0.0794327528472604,0
3207-OYBWH,0.5967815930287192,1
8347-GDTMP,0.010060097035920852,0
9909-DFRJA,0.3583826424315327,0
6383-ZTSIW,0.3759591355591943,0
5438-QMDDL,0.5460926559620833,1
8914-RBTSB,0.7341526382057465,1
6164-HXUGH,0.2902066782777448,0
6900-RBKER,0.27271647131478177,0
1492-QGCLU,0.25308635358790854,0
6664-FPDAC,0.5211336325156735,1
1088-AUUZZ,0.041590605212376626,0
6651-AZVTJ,0.7425314789157029,1
8219-VYBVI,0.03163183013461423,0
0310-MVLET,0.6466236849084789,1
7233-IOQNP,0.1739634206517133,0
7311-MQJCH,0.26378342480420364,0
9256-JTBNZ,0.27788129247730964,0
8713-IGZSO,0.439684184127358,0
6821-BUXUX,0.7913625567436838,1
9114-DPSIA,0.018770773308111513,0
4501-UYKBC,0.2205639206250983,0
2798-NYLMZ,0.1468334047964442,0
6711-VTNRE,0.6713002218927671,1
5966-EMAZU,0.3055673264481102,0
3627-FHKBK,0.6692170962122893,1
7861-UVUFT,0.835344872832404,1
9824-QCJPK,0.06690306829935265,0
7816-VGHTO,0.17382503578970115,0
3794-NFNCH,0.41333405355736624,0
3877-JRJIP,0.8212194842260322,1
5228-EXCET,0.8468497319338557,1
6248-BSHKG,0.01978022601833907,0
8915-NNTRC,0.11204769497000859,0
3470-OBUET,0.02037859689936504,0
3229-USWAR,0.1924472531711858,0
1927-QEWMY,0.00722788043609321,0
6374-AFWOX,0.029329754625029326,0
7912-SYRQT,0.8122440585969417,1
2070-FNEXE,0.6423934832948935,1
5803-NQJZO,0.02274691688312816,0
5651-YLPRD,0.6784486698157859,1
1271-UODNO,0.10169825989393973,0
5014-WUQMG,0.3208294960809255,0
5889-JTMUL,0.7217465521049112,1
0788-DXBFY,0.043475756211706976,0
2669-QVCRG,0.4986822990473863,0
6630-UJZMY,0.9157732190464674,1
5061-PBXFW,0.12542618599780475,0
2700-LUEVA,0.37358807227730517,0
3865-ZFZIB,0.06681735493551724,0
0471-ARVMX,0.4863779939332884,0
8985-OOPOS,0.41332205570068753,0
0719-SYFRB,0.4518639170612012,0
0447-BEMNG,0.310489618966165,0
5630-AHZIL,0.4542153000592109,0
2190-BCXEC,0.5412881548423153,1
1559-DTODC,0.6069150529631029,1
3244-DCJWY,0.858865747763094,1
3967-VQOGC,0.01414208961751993,0
0265-PSUAE,0.6099356873133565,1
1622-HSHSF,0.46743527870284524,0
9867-XOBQA,0.09833905695725992,0
6773-LQTVT,0.4596638906257701,0
4332-MUOEZ,0.3178088093070419,0
0023-XUOPT,0.8081278889209134,1
6543-CPZMK,0.7068365435362128,1
6418-HNFED,0.06176310064135385,0
1036-GUDCL,0.14533845983121774,0
4818-QIUFN,0.7722939716008218,1
0778-NELLA,0.7484068642148359,1
7495-OOKFY,0.807539497587995,1
4737-HOBAX,0.06720467747415063,0
7919-ZODZZ,0.3699695820854238,0
2988-PLAHS,0.658842709746215,1
9067-SQTNS,0.037327152293579566,0
6483-OATDN,0.4389797897516891,0
5469-CTCWN,0.38855068569414136,0
3524-WQDSG,0.6848760963092312,1
6968-URWQU,0.2209030141645744,0
8601-QACRS,0.6831209935538098,1
8690-UPCZI,0.1395027185242151,0
5331-RGMTT,0.7140519314665809,1
1357-BIJKI,0.6036375940138358,1
2088-IEBAU,0.07616290382497351,0
0679-IDSTG,0.8544730734762652,1
6519-ZHPXP,0.07946479120153405,0
2101-RANCD,0.6076146013545969,1
4029-HPFVY,0.8073233117699679,1
1015-OWJKI,0.3956592153791675,0
8314-HTWVE,0.08472731181326244,0
5357-TZHPP,0.8653695102373817,1
8727-XDPUD,0.14295790968352706,0
9073-ZZIAY,0.03821213795804029,0
5181-OABFK,0.028259550156243114,0
3812-LRZIR,0.07019336437750653,0
5204-HMGYF,0.10337692501007485,0
9950-MTGYX,0.048874181819174634,0
3675-EQOZA,0.33480986838422083,0
3646-ITDGM,0.013615137205588587,0
3913-FCUUW,0.017870145480288476,0
